,pred
0,0.41122177243232727
1,0.9453938007354736
2,0.018743570894002914
3,0.9306053519248962
4,0.014832408167421818
5,0.040435612201690674
6,0.9936307072639465
7,0.0156128890812397
8,0.04774697497487068
9,0.3885417878627777
10,0.9934712648391724
11,0.9227096438407898
12,0.39582961797714233
13,0.21232174336910248
14,0.37891125679016113
15,0.029843701049685478
16,0.32514357566833496
17,0.45877018570899963
18,0.01274819578975439
19,0.36921191215515137
20,0.02459588274359703
21,0.01621338725090027
22,0.09752737730741501
23,0.29868024587631226
24,0.6559876203536987
25,0.3362888991832733
26,0.4894118010997772
27,0.9782766699790955
28,0.907637894153595
29,0.014626916497945786
30,0.39072322845458984
31,0.4339902698993683
32,0.35365942120552063
33,0.38788115978240967
34,0.9867651462554932
35,0.9364661574363708
36,0.9896005988121033
37,0.028956862166523933
38,0.4159751236438751
39,0.3362366557121277
40,0.3271225094795227
41,0.4332987070083618
42,0.30221396684646606
43,0.02940037101507187
44,0.46633392572402954
45,0.02248770371079445
46,0.0328654982149601
47,0.9616318345069885
48,0.040605634450912476
49,0.3462035059928894
50,0.027407683432102203
51,0.6527576446533203
52,0.38992011547088623
53,0.38358595967292786
54,0.5780237913131714
55,0.9076218008995056
56,0.03322862833738327
57,0.6890855431556702
58,0.34932103753089905
59,0.9297131896018982
60,0.43771979212760925
61,0.9816966652870178
62,0.5403802394866943
63,0.9937040209770203
64,0.9858091473579407
65,0.9622639417648315
66,0.8360422253608704
67,0.9929136633872986
68,0.9885714650154114
69,0.9530460238456726
70,0.9192572236061096
71,0.6213045120239258
72,0.8236430883407593
73,0.4943026602268219
74,0.9907790422439575
75,0.674655020236969
76,0.9912227392196655
77,0.6201748847961426
78,0.5448495745658875
79,0.6749476194381714
80,0.9918078780174255
81,0.9469224810600281
82,0.8341013193130493
83,0.9896356463432312
84,0.5584939122200012
85,0.5491323471069336
86,0.9189860224723816
87,0.513847291469574
88,0.7573626041412354
89,0.9941457509994507
90,0.7024875283241272
91,0.3415488302707672
92,0.03299912437796593
93,0.905940055847168
94,0.8689042329788208
95,0.617048442363739
96,0.5205075740814209
97,0.569325864315033
98,0.19357551634311676
99,0.35586684942245483
100,0.9378050565719604
101,0.9866118431091309
102,0.9303984045982361
103,0.017642861232161522
104,0.6168749332427979
105,0.9932470321655273
106,0.02944900654256344
107,0.9889971017837524
